workload,variant,structure,n,time_ms,steps,moves,comparisons
W1,-,DynamicArray,100,0,10000,0,0
W1,-,MyLinkedList,100,1,501327,0,0
W2,-,DynamicArray,100,0,75875,0,75375
W2,-,MyLinkedList,100,0,100250,0,75375
W3,head,DynamicArray,100,2,1200120,1201120,0
W3,head,MyLinkedList,100,0,0,3000,0
W3,middle,DynamicArray,100,0,1100120,1101120,0
W3,middle,MyLinkedList,100,0,100000,6000,0
W4,-,MinHeap,100,0,3233,1414,1074
W1,-,DynamicArray,1000,0,10000,0,0
W1,-,MyLinkedList,1000,6,5011262,0,0
W2,-,DynamicArray,1000,0,751744,0,751244
W2,-,MyLinkedList,1000,1,1001988,0,751244
W3,head,DynamicArray,1000,0,3000280,3001280,0
W3,head,MyLinkedList,1000,0,0,3000,0
W3,middle,DynamicArray,1000,0,2000280,2001280,0
W3,middle,MyLinkedList,1000,1,1000000,6000,0
W4,-,MinHeap,1000,0,50473,20630,17334
W1,-,DynamicArray,10000,0,10000,0,0
W1,-,MyLinkedList,10000,57,50170278,0,0
W2,-,DynamicArray,10000,3,7535242,0,7534742
W2,-,MyLinkedList,10000,12,10068984,0,7534742
W3,head,DynamicArray,10000,2,21009240,21010240,0
W3,head,MyLinkedList,10000,0,0,3000,0
W3,middle,DynamicArray,10000,1,11009240,11010240,0
W3,middle,MyLinkedList,10000,13,10000000,6000,0
W4,-,MinHeap,10000,1,682773,269210,239293
W1,-,DynamicArray,100000,1,10000,0,0
W1,-,MyLinkedList,100000,578,505018648,0,0
W2,-,DynamicArray,100000,24,74566147,0,74565647
W2,-,MyLinkedList,100000,127,99130794,0,74565647
W3,head,DynamicArray,100000,13,200999000,201000000,0
W3,head,MyLinkedList,100000,0,0,3000,0
W3,middle,DynamicArray,100000,6,100999000,101000000,0
W3,middle,MyLinkedList,100000,113,100000000,6000,0
W4,-,MinHeap,100000,8,8721800,3421384,3059297
